year,title,authors,journal,species,gene_pathways,phenotypes,genes_found,abstract,doi,pmid,mesh
2026,In vitro approaches to study centriole and cilium function in early mouse embryogenesis.,"Voelkl Isabella, Civetta Tamara, Egg Mirijam, Huber Marie, Feng Songjie, Dammermann Alexander, Buecker Christa",Life science alliance,mouse,,Elongation,,"Although centrioles and primary cilia play an essential role in early mammalian development, their specific function during the interval between their initial formation and the subsequent arrest of embryogenesis in embryos deficient in centrioles or cilia remains largely unexplored. Here, we demonstrate that different 3D in vitro model systems recapitulate early centriole and cilium formation in mouse development. Centrioles and cilia are dispensable in 3D in vitro mouse rosettes, a model system that mimics key events of implantation, including polarization and lumenogenesis. In gastruloids, a model system that recapitulates developmental processes up to E8.5, centriole loss results in early disassembly that can be rescued by additional p53 deletion. In contrast, cells devoid of cilia continue to form elongated, differentiated and polarized gastruloids, with minor differences at 96 h. Finally, we show that in a mutant affecting the centriolar distal appendages, cilia are absent from 2D cultures, but are capable of forming in 3D rosettes and gastruloids, highlighting the importance of multifactorial 3D environment setups in developmental studies.",10.26508/lsa.202503358,41161866,"Animals; Centrioles; Cilia; Mice; Embryonic Development; Embryo, Mammalian; Tumor Suppressor Protein p53; Female"
2025,Size-dependent temporal decoupling of morphogenesis and transcriptional programs in pseudoembryos.,"Bennabi Isma, Hansen Pauline, Merle Melody, Pineau Judith, Lopez-Delisle Lucille, Kolly Dominique, Duboule Denis, Mayran Alexandre, Gregor Thomas",Science advances,unspecified,Nodal,AP axis / symmetry breaking; Elongation; Germ layer specification; Experimental variability / robustness,cripto,"Understanding the interplay between cell fate specification and morphogenetic changes remains a challenge in developmental biology. Gastruloids, stem cell models of postimplantation mammalian development, provide a platform to address this question. Here, using quantitative live imaging and transcriptomic profiling, we show that physical parameters, particularly system size, affect morphogenetic timing and outcomes. Larger gastruloids exhibit delayed symmetry breaking, increased multipolarity, and prolonged axial elongation, with morphogenesis driven by size. Despite these variations, transcriptional programs and cell fate composition remain stable across a broad size range, illustrating the scaling of gene expression domains. In particular, extreme sizes show distinct transcriptional modules and shifts in gene expression patterns. Size perturbation experiments rescued the morphogenetic and pattern phenotypes observed in extreme sizes, demonstrating the adaptability of gastruloids to their effective system size. These findings position gastruloids as versatile models for dissecting spatiotemporal coordination in mammalian development and reveal how physical constraints can decouple gene expression programs from morphogenetic progression.",10.1126/sciadv.adv7790,40845108,"Morphogenesis; Animals; Gene Expression Regulation, Developmental; Transcription, Genetic; Mice; Gene Expression Profiling; Gastrula; Transcriptome"
2025,Stem cell-based embryo models: a tool to study early human development.,"Wu Baojiang, Neupane Jitesh, Zhou Yang, Zhang Jingcheng, Chen Yanglin, Surani M Azim, Zhang Yong, Bao Siqin, Li Xihe",Science China. Life sciences,both,,,,"How a mammalian fertilized egg acquires totipotency and develops into a full-term offspring is a fundamental scientific question. Human embryonic development is difficult to study due to limited resources, technical challenges and ethics. Moreover, the precise regulatory mechanism underlying early human embryonic development remains unknown. In recent years, the emergence of stem cell-based embryo models (SCBEM) provides the opportunity to reconstitute pre- to post-implantation development in vitro. These models to some extent mimic the embryo morphologically and transcriptionally, and thus may be used to study key events in mammalian pre- and post-implantation development. Many groups have successfully generated SCBEM of the mouse and human. Here, we provide a comparative review of the mouse and human SCBEM, discuss the capability of these models to mimic natural embryos and give a perspective on their potential future applications.",10.1007/s11427-024-2741-1,39969747,"Humans; Animals; Embryonic Development; Mice; Embryo, Mammalian; Models, Biological; Embryonic Stem Cells"
2025,Integrated molecular-phenotypic profiling reveals metabolic control of morphological variation in a stem-cell-based embryo model.,"Villaronga-Luque Alba, Savill Ryan G, López-Anguita Natalia, Bolondi Adriano, Garai Sumit, Gassaloglu Seher Ipek, Rouatbi Roua, Schmeisser Kathrin, Poddar Aayush, Bauer Lisa, Alves Tiago, Traikov Sofia, Rodenfels Jonathan, Chavakis Triantafyllos, Bulut-Karslioglu Aydan, Veenvliet Jesse V",Cell stem cell,unspecified,Nodal,Experimental variability / robustness,cripto,"Considerable phenotypic variation under identical culture conditions limits the potential of stem-cell-based embryo models (SEMs) in basic and applied research. The biological processes causing this seemingly stochastic variation remain unclear. Here, we investigated the roots of phenotypic variation by parallel recording of transcriptomic states and morphological history in individual structures modeling embryonic trunk formation. Machine learning and integration of time-resolved single-cell RNA sequencing with imaging-based phenotypic profiling identified early features predictive of phenotypic end states. Leveraging this predictive power revealed that early imbalance of oxidative phosphorylation and glycolysis results in aberrant morphology and a neural lineage bias, which we confirmed by metabolic measurements. Accordingly, metabolic interventions improved phenotypic end states. Collectively, our work establishes divergent metabolic states as drivers of phenotypic variation and offers a broadly applicable framework to chart and predict phenotypic variation in organoids and SEMs. The strategy can be used to identify and control underlying biological processes, ultimately increasing reproducibility.",10.1016/j.stem.2025.03.012,40245869,"Animals; Mice; Phenotype; Embryo, Mammalian; Single-Cell Analysis; Models, Biological; Glycolysis; Transcriptome; Stem Cells; Oxidative Phosphorylation"
2025,MIXL1 activation in endoderm differentiation of human induced pluripotent stem cells.,"Osteil Pierre, Withey Sarah, Santucci Nicole, Aryamanesh Nader, Pang Ignatius, Salehin Nazmus, Sun Jane, Qin Annie, Su Jiayi, Knowles Hilary, Li Xiucheng Bella, Cai Simon, Wolvetang Ernst, Tam Patrick P L",Stem cell reports,human,Nodal,Germ layer specification,cripto,"Human induced pluripotent stem cells (hiPSCs) possess the ability to differentiate into a multitude of cell and tissue types but display heterogeneous propensity of differentiation into specific lineage. Characterization of the transcriptome of 11 hiPSC lines showed that activation of MIXL1 at the early stage of stem cell differentiation correlated with higher efficacy in generating definitive endoderm and advancing differentiation and maturation of endoderm derivatives. Enforced expression of MIXL1 in the endoderm-inefficient hiPSCs enhanced the propensity of endoderm differentiation, suggesting that modulation of key drivers of lineage differentiation can re-wire hiPSC to the desired lineage propensity to generate the requisite stem cell products.",10.1016/j.stemcr.2025.102482,40280138,Humans; Induced Pluripotent Stem Cells; Endoderm; Cell Differentiation; Homeodomain Proteins; Cell Lineage; Cell Line; Transcriptome
2025,Should Australian laws regulating embryo research be reformed? A call for commonwealth review.,"Ghinea Narcyz, Rudge Christopher, Nicol Dianne, Lysaght Tamra",Australian health review : a publication of the Australian Hospital Association,human,,,,"Human embryo research can provide important scientific insights to help humanity. But it also poses ethical questions that remain contested. Since 2002, Australian law has limited human embryo research under strict licensing conditions, but there has been no formal review in almost 15 years. The development of stem cell-based embryo models that closely resemble human embryos, and improved culturing techniques that allow human embryos to be grown to potentially beyond 14 days, have pushed the limits of current legislation. We argue that a comprehensive review is needed to address recent scientific advances and to better account for public sentiment.",10.1071/AH25079,40588231,Australia; Humans; Embryo Research; Government Regulation
2025,Glycolytic activity instructs germ layer proportions through regulation of Nodal and Wnt signaling.,"Stapornwongkul Kristina S, Hahn Elisa, Poliński Patryk, Salamó Palau Laura, Arató Krisztina, Yao LiAng, Williamson Kate, Gritti Nicola, Anlas Kerim, Osuna Lopez Mireia, Patil Kiran R, Heemskerk Idse, Ebisuya Miki, Trivedi Vikas",Cell stem cell,both,Wnt; Nodal,Primitive streak / mesoderm induction; Germ layer specification,nodal; wnt,"Metabolic pathways can influence cell fate decisions, yet their regulative role during embryonic development remains poorly understood. Here, we demonstrate an instructive role of glycolytic activity in regulating signaling pathways involved in mesoderm and endoderm specification. Using a mouse embryonic stem cell (mESC)-based in vitro model for gastrulation, we found that glycolysis inhibition increases ectodermal cell fates at the expense of mesodermal and endodermal lineages. We demonstrate that this relationship is dose dependent, enabling metabolic control of germ layer proportions through exogenous glucose levels. We further show that glycolysis acts as an upstream regulator of Nodal and Wnt signaling and that its influence on cell fate specification can be decoupled from its effects on growth. Finally, we confirm the generality of our findings using a human gastrulation model. Our work underscores the dependence of signaling pathways on metabolic conditions and provides mechanistic insight into the nutritional regulation of cell fate decision-making.",10.1016/j.stem.2025.03.011,40245870,Glycolysis; Animals; Wnt Signaling Pathway; Mice; Nodal Protein; Humans; Germ Layers; Endoderm; Mouse Embryonic Stem Cells; Cell Lineage; Cell Differentiation; Mesoderm; Glucose; Gastrulation
2025,Tissue mechanics modulate morphogen signalling to induce the head organiser.,"Bubna-Litic Matyas, Charras Guillaume, Mayor Roberto",Cells & development,unspecified,Wnt; Nodal; BMP,Elongation; Primitive streak / mesoderm induction; Germ layer specification,activin; chordin; nodal; smad2; wnt; β-catenin,"Morphogenetic movements and specification of germ layers during gastrulation are key processes that establish the vertebrate body plan. Despite substantial research into the role of tissue mechanics during gastrulation and detailed characterisation of the molecular signalling networks controlling fate determination, the interplay of mechanical cues and biochemical signals during fate specification is poorly understood. Morphogens that activate Activin/Nodal/Smad2 signalling play a key role in mesoderm induction and axial patterning. We investigate the interplay between a single molecular input and a mechanical input using the well-established ex vivo system of Activin-induced explants of the mid-blastula X. laevis animal cap ectoderm. Activin alone induces mesoderm to form a complex elongating tissue with axial patterning, making this system similar to gastruloids generated in other model organisms. We observed an increase in the expression of dorsal mesoderm markers, such as chordin and goosecoid, and loss of elongation, in Activin-induced explants that were mechanically stimulated through uniaxial compression during the induction period. In addition, head mesoderm specific markers, including cerberus 1, were also increased. We show that mechanical stimulation leads to an increase in nuclear β-catenin activity. Activation of β-catenin signalling is sufficient to induce head Organiser gene expression. Furthermore, inhibition of β-catenin is sufficient to rescue the effect of compression on an early Wnt-signalling response gene siamois. Taken together these observations support the role of mechanical stimulation in modulating Activin-dependent mesoderm induction in favour of head Organiser formation. Given the conserved role of β-catenin in the dorsal specification and the dynamic morphogenetic movements of dorsal gastrula regions, mechanics-dependent Organiser induction may be found in other vertebrate species. Finally, the finding that mechanical cues affect β-catenin-dependent axial specification can be applied in the future development of more biologically relevant and robust synthetic organoid systems.",10.1016/j.cdev.2024.203984,39631565,"Animals; Activins; Signal Transduction; Mesoderm; Xenopus laevis; Gene Expression Regulation, Developmental; beta Catenin; Body Patterning; Xenopus Proteins; Gastrulation; Head; Morphogenesis; Organizers, Embryonic"
2025,A spatiotemporal atlas of mouse gastrulation and early organogenesis to explore axial patterning and project in vitro models onto in vivo space.,"Harland Luke T G, Lohoff Tim, Koulena Noushin, Pierson Nico, Pape Constantin, Ameen Farhan, Griffiths Jonathan, Theeuwes Bart, Wilson Nicola K, Kreshuk Anna, Reik Wolf, Nichols Jennifer, Cai Long, Marioni John C, Göttgens Berthold, Ghazanfar Shila",Cell reports,mouse,Nodal,AP axis / symmetry breaking; Primitive streak / mesoderm induction; Germ layer specification,cripto,"During gastrulation, mouse epiblast cells form the three germ layers that establish the body plan and initiate organogenesis. While single-cell atlases have advanced our understanding of lineage diversification, spatial aspects of differentiation remain poorly defined. Here, we applied spatial transcriptomics to mouse embryos at embryonic (E) E7.25 and E7.5 days and integrated these data with existing E8.5 spatial and E6.5-E9.5 single-cell RNA-seq atlases. This resulted in a spatiotemporal atlas of over 150,000 cells with 82 refined cell-type annotations. The resource enables exploration of gene expression dynamics across anterior-posterior and dorsal-ventral axes, uncovering spatial logic guiding mesodermal fate decisions in the primitive streak. We also developed a computational pipeline to project additional single-cell datasets into this framework for comparative analysis. Freely accessible through an interactive web portal, this atlas offers a valuable tool for the developmental and stem cell biology communities to investigate mouse embryogenesis in a spatial and temporal context.",10.1016/j.celrep.2025.116047,40728928,"Animals; Gastrulation; Mice; Organogenesis; Gene Expression Regulation, Developmental; Embryo, Mammalian; Body Patterning; Single-Cell Analysis; Spatio-Temporal Analysis; Germ Layers; Transcriptome"
2025,Meeting report about self-organization in biology: Freiburg Spemann-Mangold Centennial Symposium.,"Kuwana Satoshi, Yasuoka Yuuri","Development, growth & differentiation",unspecified,,Primitive streak / mesoderm induction; Self-organization,,"From September 16 to 19, 2024, an international symposium to celebrate the centennial of the discovery of the gastrula organizer by Hans Spemann and Hilde Mangold, was held at the University of Freiburg, Germany, where they studied embryology. There were 41 plenary lectures, 11 short talks, and 182 poster presentations, with more than 300 participants from 23 countries. The symposium covered research topics broadly related to developmental, cell, genome, and evolutionary biology, mainly focused on early animal development. In addition to in vivo studies on topics such as gastrulation, embryonic patterning, cell polarity, and morphogenesis, recent studies using gastruloids and organoids, which recapitulate embryogenesis and organogenesis in in vitro cell culture, were also presented at this symposium, entitled Self-Organization in Biology. Most of the reported studies used vertebrate models such as mice, frogs, and zebrafish; however, evolutionary studies involving invertebrate and plant models were also presented. Presentations employing traditional methods such as cell transplantation and phenotype screening, and state-of-the-art technologies such as single-cell omics, high-resolution imaging, and computational analysis showed that experimental embryology has a long history, to which studies of the organizer have contributed significantly. Here we discuss memorable aspects of the symposium in the hope that this report will encourage young scientists to actively participate in face-to-face international conferences.",10.1111/dgd.12954,39777708,Animals; Humans; Developmental Biology; Embryology; Gastrula
2025,Synthetic organizer cells guide development via spatial and biochemical instructions.,"Yamada Toshimichi, Trentesaux Coralie, Brunger Jonathan M, Xiao Yini, Stevens Adam J, Martyn Iain, Kasparek Petr, Shroff Neha P, Aguilar Angelica, Bruneau Benoit G, Boffelli Dario, Klein Ophir D, Lim Wendell A",Cell,mouse,Wnt,,wnt,"In vitro development relies primarily on treating progenitor cells with media-borne morphogens and thus lacks native-like spatial information. Here, we engineer morphogen-secreting organizer cells programmed to self-assemble, via cell adhesion, around mouse embryonic stem (ES) cells in defined architectures. By inducing the morphogen WNT3A and its antagonist DKK1 from organizer cells, we generated diverse morphogen gradients, varying in range and steepness. These gradients were strongly correlated with morphogenetic outcomes: the range of minimum-maximum WNT activity determined the resulting range of anterior-to-posterior (A-P) axis cell lineages. Strikingly, shallow WNT activity gradients, despite showing truncated A-P lineages, yielded higher-resolution tissue morphologies, such as a beating, chambered cardiac-like structure associated with an endothelial network. Thus, synthetic organizer cells, which integrate spatial, temporal, and biochemical information, provide a powerful way to systematically and flexibly direct the development of ES or other progenitor cells in different directions within the morphogenetic landscape.",10.1016/j.cell.2024.11.017,39706189,Animals; Mice; Wnt3A Protein; Mouse Embryonic Stem Cells; Intercellular Signaling Peptides and Proteins; Cell Lineage; Morphogenesis; Cell Differentiation; Cell Adhesion
2025,Comments on the Hox timer and related issues.,"Duboule Denis, Rekaik Hocine",Cells & development,unspecified,,Primitive streak / mesoderm induction,,"2024 not only marked the 100th anniversary of the discovery of the organizer by Hilde Pröscholdt-Mangold and Hans Spemann, but also the 40th anniversary of the discovery of the homeobox, a DNA region encoding a DNA binding peptide present in several transcription factors of critical importance for the gastrulating embryo. In particular, this sequence is found in the 39 members of the amniote Hox gene family, a series of genes activated in mid-gastrulation and involved in organizing morphologies along the extending anterior to posterior (AP) body axis. Over the past 30 years, the study of their coordinated regulation in various contexts has progressively revealed their surprising regulatory strategies, based on mechanisms acting in-cis, which can translate a linear distribution of series of genes along the chromatin fiber into the proper sequences of morphologies observed along our various body axes. The first regulatory layer is controlled by the Hox timer, a mechanism implementing a time-sequenced activation of these genes following their chromosomal order. Here, we discuss various aspects of this mechanism, emphasizing some of its singularities.",10.1016/j.cdev.2024.203991,39734021,"Animals; Humans; Homeodomain Proteins; Genes, Homeobox; Gene Expression Regulation, Developmental"
2025,Depth-enhanced molecular imaging with two-photon oblique plane microscopy.,"Keomanee-Dizon Kevin, Clenman Yaakov, Duran Alejandra, Ryabichko Sergey, Hansen Pauline, Borjigin Tohn, Thornton Richard, Toettcher Jared E, McNamara Harold M",ArXiv,unspecified,,,,"High-numerical-aperture (NA) oblique plane microscopy enables noninvasive fluorescence imaging of subcellular dynamics without requiring radical sample modification. However, performance degrades at depth in multicellular specimens as scattering and refractive-index heterogeneity raise out-of-focus background. We report a two-photon oblique plane microscope that improves resolution at depth by combining high-NA single-objective detection with multiphoton plane illumination. The microscope achieves $\sim\!300$ nm lateral and $\sim\!650$ nm axial resolution, with single-molecule sensitivity in vivo. Compared with two-photon point scanning, the lower illumination NA delivers an order of magnitude lower peak intensity, enabling $>\!5\times$ faster volumetric acquisition (up to $3.25 \times 10^6$ voxels s$^{-1}$) with reduced photodamage. In multicellular contexts, near-infrared nonlinear excitation enhances contrast throughout the illumination depth by $\sim\!2\times$ and restores volumetric resolving power by $>\!2\times$ relative to linear excitation. We demonstrate these capabilities through molecular imaging of epithelial tissue, stem-cell-derived gastruloids, and living fruit fly embryos, including multicolor transcription-factor dynamics, optogenetic subcellular control, and single-mRNA tracking, all using standard glass-based mounting.",,41293529,
2025,Self-organization of an organizer: Whole-body regeneration from reaggregated cells in cnidarians.,"Narayanaswamy Sanjay, Technau Ulrich",Cells & development,unspecified,Wnt,AP axis / symmetry breaking; Self-organization,wnt,"Cnidarians like the freshwater polyp Hydra and the sea anemone Nematostella, are famous for their enormous capacity to regenerate missing head or feet upon bisection. Classical transplantation experiments have demonstrated that the hypostome, the oral tip of the freshwater polyp Hydra, acts as an axial organizer. Likewise, transplantation of the blastopore lip of an early Nematostella gastrula stage embryo to an aboral position leads to ectopic head formation. Following molecular analyses have shown that Wnt signaling is the key component of this organizer activity. Moreover, when dissociated and reaggregated head (and foot) organizer centres are re-established by self-organization. Similarly, ""gastruloids"", i.e. aggregates of dissociated early gastrula stage embryos, are able to self-organize. Here, we review the past and recent molecular and theoretical work in the field to explain this phenomenon. While Turing-type reaction-diffusion models involving morphogens like Wnt dominated the field for many years, recent work emphasized the importance of biophysical cues in symmetry breaking and establishment of the organizers in aggregates. The comparison with Nematostella aggregates suggests that the principles of self-organization in cnidarians is not universal.",10.1016/j.cdev.2025.204024,40180217,Animals; Regeneration; Cnidaria; Hydra; Body Patterning
2024,Current Status of Synthetic Mammalian Embryo Models.,"Kim Haneul, Kim Eunhye",International journal of molecular sciences,human,,Primitive streak / mesoderm induction; Germ layer specification,,"Advances in three-dimensional culture technologies have facilitated the development of synthetic embryo models, such as blastoids, through the co-culturing of diverse stem cell types. These in vitro models enable precise investigation of developmental processes, including gastrulation, neurulation, and lineage specification, thereby advancing our understanding of early embryogenesis. By providing controllable, ethically viable platforms, they help circumvent the limitations of in vivo mammalian embryo studies and contribute to developing regenerative medicine strategies. Nonetheless, ethical challenges, particularly regarding human applications, persist. Comparative studies across various species-such as mice, humans, non-human primates, and ungulates, like pigs and cattle-offer crucial insights into both species-specific and conserved developmental mechanisms. In this review, we outline the species-specific differences in embryonic development and discuss recent advancements in stem cell and synthetic embryo models. Specifically, we focus on the latest stem cell research involving ungulates, such as pigs and cattle, and provide a comprehensive overview of the improvements in synthetic embryo technology. These insights contribute to our understanding of species-specific developmental biology, help improve model efficiency, and guide the development of new models.",10.3390/ijms252312862,39684574,"Animals; Humans; Embryo, Mammalian; Embryonic Development; Species Specificity; Swine; Cattle; Models, Biological"
2024,Precise and scalable self-organization in mammalian pseudo-embryos.,"Merle Mélody, Friedman Leah, Chureau Corinne, Shoushtarizadeh Armin, Gregor Thomas",Nature structural & molecular biology,unspecified,,Self-organization; Experimental variability / robustness,,"Gene expression is inherently noisy, posing a challenge to understanding how precise and reproducible patterns of gene expression emerge in mammals. Here we investigate this phenomenon using gastruloids, a three-dimensional in vitro model for early mammalian development. Our study reveals intrinsic reproducibility in the self-organization of gastruloids, encompassing growth dynamics and gene expression patterns. We observe a remarkable degree of control over gene expression along the main body axis, with pattern boundaries positioned with single-cell precision. Furthermore, as gastruloids grow, both their physical proportions and gene expression patterns scale proportionally with system size. Notably, these properties emerge spontaneously in self-organizing cell aggregates, distinct from many in vivo systems constrained by fixed boundary conditions. Our findings shed light on the intricacies of developmental precision, reproducibility and size scaling within a mammalian system, suggesting that these phenomena might constitute fundamental features of multicellularity.",10.1038/s41594-024-01251-4,38491138,"Animals; Gene Expression Regulation, Developmental; Mice; Mammals; Embryo, Mammalian"
2024,Brachyury co-operates with polycomb protein RYBP to regulate gastrulation and axial elongation <i>in vitro</i>.,"Kokity Lilla, Czimmerer Zsolt, Benyhe-Kis Bernadett, Poscher Anna, Belai Emese, Steinbach Gábor, Lipinszki Zoltan, Pirity Melinda Katalin",Frontiers in cell and developmental biology,unspecified,Nodal,Elongation; Primitive streak / mesoderm induction; Germ layer specification,cripto,"Early embryonic development is a complex process where undifferentiated cells lose their pluripotency and start to gastrulate. During gastrulation, three germ layers form, giving rise to different cell lineages and organs. This process is regulated by transcription factors and epigenetic regulators, including non-canonical polycomb repressive complex 1s (ncPRC1s). Previously, we reported that ncPRC1-member RYBP (RING1 and YY1 binding protein) is crucial for embryonic implantation and cardiac lineage commitment in mice. However, the role of RYBP in gastrulation and mesoderm formation has not yet been defined. In this study, we used 2D and 3D <i>in vitro</i> model systems, to analyze the role of RYBP in mesoderm formation. First, we showed that cardiac and endothelial progenitors-both derived from mesoderm-are underrepresented in the <i>Rybp</i> <sup><i>-/-</i></sup> cardiac colonies. In the absence of RYBP, the formation of major germ layers was also disrupted, and the expression of mesoderm- (<i>Brachyury, Eomes,</i> and <i>Gsc</i>) and endoderm-specific (<i>Sox17</i>, <i>Gata4</i>) genes was significantly downregulated. Using 3D embryoid bodies as gastrulation models, we showed that RYBP can co-localize with mesoderm lineage marker protein BRACHYURY and endoderm marker protein GATA4 and both proteins. In mutants, both proteins were detected at low levels and showed altered distribution. Additionally, we compared our <i>in vitro</i> results to available <i>in vivo</i> single-cell transcriptomes and showed that <i>Rybp</i> and <i>Brachyury</i> co-expressed in the primitive streak and six mesodermal clusters. Since caudal mesoderm exhibited one of the strongest co-expressions, we tested axial elongation in <i>wt</i> and <i>Rybp</i> <sup><i>-/-</i></sup> gastruloids. In the absence of RYBP, gastruloids exhibited shortened tails and low BRACHYURY levels in the tailbud. Finally, we identified BRACHYURY as a novel binding partner of RYBP and presented evidence of possible cooperative function during mesoderm formation and axial elongation. Together, our results demonstrate the previously unknown role of RYBP in mesoderm formation. We believe our findings will contribute to better understanding of the highly conserved process of gastrulation.",10.3389/fcell.2024.1498346,39676794,
2024,Open-top multisample dual-view light-sheet microscope for live imaging of large multicellular systems.,"Moos Franziska, Suppinger Simon, de Medeiros Gustavo, Oost Koen Cornelius, Boni Andrea, Rémy Camille, Weevers Sera Lotte, Tsiairis Charisios, Strnad Petr, Liberali Prisca",Nature methods,unspecified,,,,"Multicellular systems grow over the course of weeks from single cells to tissues or even full organisms, making live imaging challenging. To bridge spatiotemporal scales, we present an open-top dual-view and dual-illumination light-sheet microscope dedicated to live imaging of large specimens at single-cell resolution. The configuration of objectives together with a customizable multiwell mounting system combines dual view with high-throughput multiposition imaging. We use this microscope to image a wide variety of samples and highlight its capabilities to gain quantitative single-cell information in large specimens such as mature intestinal organoids and gastruloids.",10.1038/s41592-024-02213-w,38509326,"Animals; Organoids; Humans; Single-Cell Analysis; Microscopy; Mice; Microscopy, Fluorescence"
2024,The logic of monsters: development and morphological diversity in stem-cell-based embryo models.,"Cao Dominica, Garai Sumit, DiFrisco James, Veenvliet Jesse V",Interface focus,unspecified,,Experimental variability / robustness,,"Organoids and stem-cell-based embryo models (SEMs) are imperfect organ or embryo representations that explore a much larger space of possible forms, or morphospace, compared to their <i>in vivo</i> counterparts. Here, we discuss SEM biology in light of seminal work by Pere Alberch, a leading figure in early evo-devo, interpreting SEMs as developmental 'monstrosities' in the Alberchian sense. Alberch suggested that ordered patterns in aberrant development-i.e. 'the logic of monsters'-reveal developmental constraints on possible morphologies. In the same vein, we detail how SEMs have begun to shed light on structural features of normal development, such as developmental variability, the relative importance of internal versus external constraints, boundary conditions and design principles governing robustness and canalization. We argue that SEMs represent a powerful experimental tool to explore and expand developmental morphospace and propose that the 'monstrosity' of SEMs can be leveraged to uncover the 'hidden' rules and developmental constraints that robustly shape and pattern the embryo.",10.1098/rsfs.2024.0023,39464644,
2024,Synthetic embryology of the human heart.,"Paredes-Espinosa Maria Belen, Paluh Janet L",Frontiers in cell and developmental biology,human,,Elongation,,"The evolution of stem cell-based heart models from cells and tissues to organoids and assembloids and recently synthetic embryology gastruloids, is poised to revolutionize our understanding of cardiac development, congenital to adult diseases, and patient customized therapies. Human induced pluripotent stem cell-derived cardiomyocytes (hiPSC-CMs) have already been integrated into transplantable patches and are in preclinical efforts to reverse fibrotic scarring from myocardial infarctions. To inform on the complexity of heart diseases, multi-tissue morphogenic heart models are needed that replicate fundamental components of heart function to heart organogenesis <i>in vitro</i> and which require a deep understanding of heart development. Organoid and assembloid models capture selected multicellular cardiac processes, such as chamber formation and priming events for vascularization. Gastruloid heart models offer deeper insights as synthetic embryology to mimic multi-staged developmental events of <i>in vivo</i> heart organogenesis including established heart fields, crescent formation and heart tube development along with vascular systemic foundation and even further steps. The human Elongating Multi-Lineage Organized Cardiac (EMLOC) gastruloid model captures these stages and additional events including chamber genesis, patterned vascularization, and extrinsic central and intrinsic cardiac nervous system (CNS-ICNS) integration guided by spatiotemporal and morphogenic processes with neural crest cells. Gastruloid synthetic embryology heart models offer new insights into previously hidden processes of development and provide powerful platforms for addressing heart disease that extends beyond cardiomyocytes, such as arrhythmogenic diseases, congenital defects, and systemic injury interactions, as in spinal cord injuries. The holistic view that is emerging will reveal heart development and disease in unprecedented detail to drive transformative state-of-the-art innovative applications for heart health.",10.3389/fcell.2024.1478549,39935786,
2023,Nodal coordinates the anterior-posterior patterning of germ layers and induces head formation in zebrafish explants.,"Cheng Tao, Xing Yan-Yi, Liu Cong, Li Yun-Fei, Huang Ying, Liu Xiang, Zhang Ying-Jie, Zhao Guo-Qin, Dong Yang, Fu Xin-Xin, Tian Yi-Meng, Shu Li-Ping, Megason Sean G, Xu Peng-Fei",Cell reports,unspecified,Nodal,AP axis / symmetry breaking; Primitive streak / mesoderm induction; Germ layer specification,cripto; nodal,"Much progress has been made toward generating analogs of early embryos, such as gastruloids and embryoids, in vitro. However, methods for how to fully mimic the cell movements of gastrulation and coordinate germ-layer patterning to induce head formation are still lacking. Here, we show that a regional Nodal gradient applied to zebrafish animal pole explant can generate a structure that recapitulates the key cell movements of gastrulation. Using single-cell transcriptome and in situ hybridization analysis, we assess the dynamics of the cell fates and patterning of this structure. The mesendoderm differentiates into the anterior endoderm, prechordal plate, notochord, and tailbud-like cells along an anterior-posterior axis, and an anterior-posterior-patterned head-like structure (HLS) progressively forms during late gastrulation. Among 105 immediate Nodal targets, 14 genes contain axis-induction ability, and 5 of them induce a complete or partial head structure when overexpressed in the ventral side of zebrafish embryos.",10.1016/j.celrep.2023.112351,37018074,"Animals; Zebrafish; Zebrafish Proteins; Transforming Growth Factor beta; Cell Differentiation; Mesoderm; Body Patterning; Gene Expression Regulation, Developmental"
2023,"Developmental toxicity of remdesivir, an anti-COVID-19 drug, is implicated by in vitro assays using morphogenetic embryoid bodies of mouse and human pluripotent stem cells.","Kirkwood-Johnson Lauren, Marikawa Yusuke",Birth defects research,both,,,,"Remdesivir is an antiviral drug approved for the treatment of COVID-19, whose developmental toxicity remains unclear. More information about the safety of remdesivir is urgently needed for people of childbearing potential, who are affected by the ongoing pandemic. Morphogenetic embryoid bodies (MEBs) are three-dimensional (3D) aggregates of pluripotent stem cells that recapitulate embryonic body patterning in vitro, and have been used as effective embryo models to detect the developmental toxicity of chemical exposures specifically and sensitively. MEBs were generated from mouse P19C5 and human H9 pluripotent stem cells, and used to examine the effects of remdesivir. The morphological effects were assessed by analyzing the morphometric parameters of MEBs after exposure to varying concentrations of remdesivir. The molecular impact of remdesivir was evaluated by measuring the transcript levels of developmental regulator genes. The mouse MEB morphogenesis was impaired by remdesivir at 1-8 μM. Remdesivir affected MEBs in a manner dependent on metabolic conversion, and its potency was higher than GS-441524 and GS-621763, presumptive anti-COVID-19 drugs that act similarly to remdesivir. The expressions of developmental regulator genes, particularly those involved in axial and somite patterning, were dysregulated by remdesivir. The early stage of MEB development was more vulnerable to remdesivir exposure than the later stage. The morphogenesis and gene expression profiles of human MEBs were also impaired by remdesivir at 1-8 μM. Remdesivir impaired mouse and human MEBs at concentrations that are comparable to the therapeutic plasma levels in humans, urging further investigation into the potential impact of remdesivir on developing embryos.",10.1002/bdr2.2111,36349436,Humans; Embryoid Bodies; COVID-19; COVID-19 Drug Treatment; Morphogenesis; Pluripotent Stem Cells; Adenosine; Adenosine Monophosphate; Alanine
2023,Gastrulation morphogenesis in synthetic systems.,"Emig Alyssa A, Williams Margot L K",Seminars in cell & developmental biology,mammalian,,Elongation; Primitive streak / mesoderm induction,,"Recent advances in pluripotent stem cell culture allow researchers to generate not only most embryonic cell types, but also morphologies of many embryonic structures, entirely in vitro. This recreation of embryonic form from naïve cells, known as synthetic morphogenesis, has important implications for both developmental biology and regenerative medicine. However, the capacity of stem cell-based models to recapitulate the morphogenetic cell behaviors that shape natural embryos remains unclear. In this review, we explore several examples of synthetic morphogenesis, with a focus on models of gastrulation and surrounding stages. By varying cell types, source species, and culture conditions, researchers have recreated aspects of primitive streak formation, emergence and elongation of the primary embryonic axis, neural tube closure, and more. Here, we describe cell behaviors within in vitro/ex vivo systems that mimic in vivo morphogenesis and highlight opportunities for more complete models of early development.",10.1016/j.semcdb.2022.07.002,35817656,Gastrulation; Morphogenesis
2023,Heart in a dish - choosing the right in vitro model.,"Drakhlis Lika, Zweigerdt Robert",Disease models & mechanisms,human,,,,"The heart is the first functional organ established during embryogenesis. Investigating heart development and disease is a fascinating and crucial field of research because cardiovascular diseases remain the leading cause of morbidity and mortality worldwide. Therefore, there is great interest in establishing in vitro models for recapitulating both physiological and pathological aspects of human heart development, tissue function and malfunction. Derived from pluripotent stem cells, a large variety of three-dimensional cardiac in vitro models have been introduced in recent years. In this At a Glance article, we discuss the available methods to generate such models, grouped according to the following classification: cardiac organoids, cardiac microtissues and engineered cardiac tissues. For these models, we provide a systematic overview of their applications for disease modeling and therapeutic development, as well as their advantages and limitations to assist scientists in choosing the most suitable model for their research purpose.",10.1242/dmm.049961,36825553,Humans; Induced Pluripotent Stem Cells; Heart; Pluripotent Stem Cells; Organoids; Cardiovascular Diseases; Tissue Engineering
2023,An ethical framework for human embryology with embryo models.,"Rivron Nicolas C, Martinez Arias Alfonso, Pera Martin F, Moris Naomi, M'hamdi Hafez Ismaili",Cell,human,,,,"A human embryo's legal definition and its entitlement to protection vary greatly worldwide. Recently, human pluripotent stem cells have been used to form in vitro models of early embryos that have challenged legal definitions and raised questions regarding their usage. In this light, we propose a refined legal definition of an embryo, suggest ""tipping points"" for when human embryo models could eventually be afforded similar protection to that of embryos, and then revisit basic ethical principles that might help to draft a roadmap for the gradual, justified usage of embryo models in a manner that aims to maximize benefits to society.",10.1016/j.cell.2023.07.028,37595564,"Humans; Embryo, Mammalian; Pluripotent Stem Cells; Embryo Research"
2023,Protocol for generation and assessment of head-like structure in zebrafish.,"Cheng Tao, Xing Yan-Yi, Dong Yang, Xu Peng-Fei",STAR protocols,unspecified,,,,"In vitro embryonic analogue models, such as gastruloids, trunk-like structures and embryoids, have been developed to understand principles of early development and morphogenesis. However, models that can fully mimic head formation are still missing. Here, we present a protocol for generating the head-like structure (HLS) in zebrafish embryonic explants. We describe steps for dissection and constructing cell and patterning landscapes. We then detail assessment of this structure through axis induction. For complete details on the use and execution of this protocol, please refer to Cheng et al. (2023).<sup>1</sup>.",10.1016/j.xpro.2023.102553,37729057,Animals; Zebrafish; Dissection; Morphogenesis
2023,Human Heart Morphogenesis: A New Vision Based on In Vivo Labeling and Cell Tracking.,"Villavicencio-Guzmán Laura, Sánchez-Gómez Concepción, Jaime-Cruz Ricardo, Ramírez-Fuentes Tania Cristina, Patiño-Morales Carlos César, Salazar-García Marcela","Life (Basel, Switzerland)",both,,,,"Despite the extensive information available on the different genetic, epigenetic, and molecular features of cardiogenesis, the origin of congenital heart defects remains unknown. Most genetic and molecular studies have been conducted outside the context of the progressive anatomical and histological changes in the embryonic heart, which is one of the reasons for the limited knowledge of the origins of congenital heart diseases. We integrated the findings of descriptive studies on human embryos and experimental studies on chick, rat, and mouse embryos. This research is based on the new dynamic concept of heart development and the existence of two heart fields. The first field corresponds to the straight heart tube, into which splanchnic mesodermal cells from the second heart field are gradually recruited. The overall aim was to create a new vision for the analysis, diagnosis, and regionalized classification of congenital defects of the heart and great arteries. In addition to highlighting the importance of genetic factors in the development of congenital heart disease, this study provides new insights into the composition of the straight heart tube, the processes of twisting and folding, and the fate of the conus in the development of the right ventricle and its outflow tract. The new vision, based on in vivo labeling and cell tracking and enhanced by models such as gastruloids and organoids, has contributed to a better understanding of important errors in cardiac morphogenesis, which may lead to several congenital heart diseases.",10.3390/life13010165,36676114,
2023,Transient suppression of SUMOylation in embryonic stem cells generates embryo-like structures.,"Cossec Jack-Christophe, Traboulsi Tatiana, Sart Sébastien, Loe-Mie Yann, Guthmann Manuel, Hendriks Ivo A, Theurillat Ilan, Nielsen Michael L, Torres-Padilla Maria-Elena, Baroud Charles N, Dejean Anne",Cell reports,mouse,Nodal,Elongation; Primitive streak / mesoderm induction; Germ layer specification; Self-organization,cripto,"Recent advances in synthetic embryology have opened new avenues for understanding the complex events controlling mammalian peri-implantation development. Here, we show that mouse embryonic stem cells (ESCs) solely exposed to chemical inhibition of SUMOylation generate embryo-like structures comprising anterior neural and trunk-associated regions. HypoSUMOylation-instructed ESCs give rise to spheroids that self-organize into gastrulating structures containing cell types spatially and functionally related to embryonic and extraembryonic compartments. Alternatively, spheroids cultured in a droplet microfluidic device form elongated structures that undergo axial organization reminiscent of natural embryo morphogenesis. Single-cell transcriptomics reveals various cellular lineages, including properly positioned anterior neuronal cell types and paraxial mesoderm segmented into somite-like structures. Transient SUMOylation suppression gradually increases DNA methylation genome wide and repressive mark deposition at Nanog. Interestingly, cell-to-cell variations in SUMOylation levels occur during early embryogenesis. Our approach provides a proof of principle for potentially powerful strategies to explore early embryogenesis by targeting chromatin roadblocks of cell fate change.",10.1016/j.celrep.2023.112380,37061916,"Animals; Mice; Sumoylation; Embryo, Mammalian; Embryonic Stem Cells; Embryonic Development; Cell Differentiation; Mammals"
2023,Tissue tension permits β-catenin phosphorylation to drive mesoderm specification in human embryonic stem cells.,"Ayad Nadia M E, Lakins Johnathon N, Ghagre Ajinkya, Ehrlicher Allen J, Weaver Valerie M",bioRxiv : the preprint server for biology,human,Wnt,Primitive streak / mesoderm induction; Germ layer specification; Self-organization,wnt; β-catenin,"The role of morphogenetic forces in cell fate specification is an area of intense interest. Our prior studies suggested that the development of high cell-cell tension in human embryonic stem cells (hESC) colonies permits the Src-mediated phosphorylation of junctional β-catenin that accelerates its release to potentiate Wnt-dependent signaling critical for initiating mesoderm specification. Using an ectopically expressed nonphosphorylatable mutant of β-catenin (Y654F), we now provide direct evidence that impeding tension-dependent Src-mediated β-catenin phosphorylation impedes the expression of Brachyury (T) and the epithelial-to-mesenchymal transition (EMT) necessary for mesoderm specification. Addition of exogenous Wnt3a or inhibiting GSK3β activity rescued mesoderm expression, emphasizing the importance of force dependent Wnt signaling in regulating mechanomorphogenesis. Our work provides a framework for understanding tension-dependent β-catenin/Wnt signaling in the self-organization of tissues during developmental processes including gastrulation.",10.1101/2023.07.14.549074,37503095,
2023,Wnt signaling and the regulation of pluripotency.,"Sonavane Pooja, Willert Karl",Current topics in developmental biology,mammalian,Wnt,,wnt,"The role of Wnt signaling in stem cells has been mired in seemingly contradictory findings. On one hand, Wnt has been heralded as a self-renewal factor. On the other hand, Wnt's association with differentiation and lineage commitment is indisputable. This apparent contradiction is particularly evident in pluripotent stem cells, where Wnt promotes self-renewal as well as differentiation. To resolve this discrepancy one must delve into fundamental principles of pluripotency and gain an appreciation for the concept of pluripotency states, which exist in a continuum with intermediate metastable states, some of which have been stabilized in vitro. Wnt signaling is a critical regulator of transitions between pluripotent states. Here, we will discuss Wnt's roles in maintaining pluripotency, promoting differentiation, as well as stimulating reprogramming of somatic cells to an induced pluripotent state.",10.1016/bs.ctdb.2023.01.002,36967203,Embryonic Stem Cells; Wnt Signaling Pathway; Cell Differentiation; Pluripotent Stem Cells
2023,Interspecies control of development during mammalian gastrulation.,"Simpson Luke, Alberio Ramiro",Emerging topics in life sciences,unspecified,,Primitive streak / mesoderm induction,,"Gastrulation represents a pivotal phase of development and aberrations during this period can have major consequences, from minor anatomical deviations to severe congenital defects. Animal models are used to study gastrulation, however, there is considerable morphological and molecular diversity of gastrula across mammalian species. Here, we provide an overview of the latest research on interspecies developmental control across mammals. This includes single-cell atlases of several mammalian gastrula which have enabled comparisons of the temporal and molecular dynamics of differentiation. These studies highlight conserved cell differentiation regulators and both absolute and relative differences in differentiation dynamics between species. Recent advances in in vitro culture techniques have facilitated the derivation, maintenance and differentiation of cell lines from a range of species and the creation of multi-species models of gastrulation. Gastruloids are three-dimensional aggregates capable of self-organising and recapitulating aspects of gastrulation. Such models enable species comparisons outside the confines of the embryo. We highlight recent in vitro evidence that differentiation processes such as somitogenesis and neuronal maturation scale with known in vivo differences in developmental tempo across species. This scaling is likely due to intrinsic differences in cell biochemistry. We also highlight several studies which provide examples of cell differentiation dynamics being influenced by extrinsic factors, including culture conditions, chimeric co-culture, and xenotransplantation. These collective studies underscore the complexity of gastrulation across species, highlighting the necessity of additional datasets and studies to decipher the intricate balance between intrinsic cellular programs and extrinsic signals in shaping embryogenesis.",10.1042/ETLS20230083,37933589,"Animals; Cell Differentiation; Embryo, Mammalian; Gastrula; Gastrulation; Mammals"
2023,Developmental Toxicity Studies: The Path towards Humanized 3D Stem Cell-Based Models.,"Branco Mariana A, Nunes Tiago C, Cabral Joaquim M S, Diogo Maria Margarida",International journal of molecular sciences,human,,Primitive streak / mesoderm induction,,"Today, it is recognized that medicines will eventually be needed during pregnancy to help prevent to, ameliorate or treat an illness, either due to gestation-related medical conditions or pre-existing diseases. Adding to that, the rate of drug prescription to pregnant women has increased over the past few years, in accordance with the increasing trend to postpone childbirth to a later age. However, in spite of these trends, information regarding teratogenic risk in humans is often missing for most of the purchased drugs. So far, animal models have been the gold standard to obtain teratogenic data, but inter-species differences have limited the suitability of those models to predict human-specific outcomes, contributing to misidentified human teratogenicity. Therefore, the development of physiologically relevant in vitro humanized models can be the key to surpassing this limitation. In this context, this review describes the pathway towards the introduction of human pluripotent stem cell-derived models in developmental toxicity studies. Moreover, as an illustration of their relevance, a particular emphasis will be placed on those models that recapitulate two very important early developmental stages, namely gastrulation and cardiac specification.",10.3390/ijms24054857,36902285,Pregnancy; Animals; Female; Humans; Pluripotent Stem Cells; Teratogenesis; Teratogens
2022,Carnegie in 4D? Stem-cell-based models of human embryo development.,"Sozen Berna, Conkar Deniz, Veenvliet Jesse V",Seminars in cell & developmental biology,both,,Primitive streak / mesoderm induction; Self-organization,,"How cells build embryos is still a major mystery. Many unresolved questions require the study of the processes that pattern and shape the embryo in live specimens, in toto, across spatial and temporal scales. In mammalian embryogenesis, this remains a major challenge as the embryo develops in utero, precluding easy accessibility. For human embryos, technical, ethical and legal limitations further hamper the in-depth investigation of embryogenesis, especially beyond gastrulation stages. This has resulted in an over-reliance on model organisms, particularly mice, to understand mammalian development. However, recent efforts show critical differences between rodent and primate embryos, including timing, architecture and transcriptional regulation. Thus, a human-centric understanding of embryogenesis is much needed. To empower this, novel in vitro approaches, which coax human pluripotent stem cells to form embryonic organoids that model embryo development, are pivotal. Here, we summarize these emergent technologies that recapitulate aspects of human development ""in a dish"". We show how these technologies can provide insights into the molecular, cellular and morphogenetic processes that fuel the formation of a fully formed fetus, and discuss the potential of these platforms to revolutionize our understanding of human development in health and disease. Despite their clear promise, we caution against over-interpreting the extent to which these in vitro platforms model the natural embryo. In particular, we discuss how fate, form and function - a tightly coupled trinity in vivo, can be disconnected in vitro. Finally, we propose how careful benchmarking of existing models, in combination with rational protocol design based on an increased understanding of in vivo developmental dynamics and insights from mouse in vitro models of embryo development, will help guide the establishment of better models of human embryo development.",10.1016/j.semcdb.2022.05.023,35701286,"Animals; Embryo, Mammalian; Embryonic Development; Gastrulation; Humans; Mammals; Mice; Organoids; Pluripotent Stem Cells"
2022,Organoids: a systematic review of ethical issues.,"de Jongh Dide, Massey Emma K, , Bunnik Eline M",Stem cell research & therapy,human,,,,"Organoids are 3D structures grown from pluripotent stem cells derived from human tissue and serve as in vitro miniature models of human organs. Organoids are expected to revolutionize biomedical research and clinical care. However, organoids are not seen as morally neutral. For instance, tissue donors may perceive enduring personal connections with their organoids, setting higher bars for informed consent and patient participation. Also, several organoid sub-types, e.g., brain organoids and human-animal chimeric organoids, have raised controversy. This systematic review provides an overview of ethical discussions as conducted in the scientific literature on organoids. The review covers both research and clinical applications of organoid technology and discusses the topics informed consent, commercialization, personalized medicine, transplantation, brain organoids, chimeras, and gastruloids. It shows that further ethical research is needed especially on organoid transplantation, to help ensure the responsible development and clinical implementation of this technology in this field.",10.1186/s13287-022-02950-9,35870991,Animals; Biomedical Research; Brain; Humans; Organoids; Pluripotent Stem Cells; Precision Medicine
2022,Toward better assessments of developmental toxicity using stem cell-based in vitro embryogenesis models.,Marikawa Yusuke,Birth defects research,human,,,,"In the past few decades, pluripotent stem cells have been explored as nonanimal alternatives to assess the developmental toxicity of chemicals. To date, numerous versions of stem cell-based assays have been reported that are allegedly effective. Nonetheless, none of the assays has become the gold standard in developmental toxicity assessment. Why? This article discusses several issues in the hope of facilitating the refinement of stem cell assays and their acceptance as the cornerstone in predictive developmental toxicology. Each stem cell assay is built on a limited representation of embryogenesis, so that multiple assays are needed to detect the diverse effects of various chemicals. To validate and compare the strengths and weaknesses of individual assays, standardized lists of reference chemicals should be established. Reference lists should consist of exposures defined by toxicokinetic data, namely maternal plasma concentrations that cause embryonic death or malformations, and also by the effects on the molecular machineries that control embryogenesis. Although not entirely replacing human or animal tests, carefully selected stem cell assays should serve as practical and ethical alternatives to proactively identify chemical exposures that disturb embryogenesis. To achieve this goal, unprecedented levels of coordination and conviction are required among research and regulatory communities.",10.1002/bdr2.1984,35102709,Animals; Embryonic Development; Humans; Stem Cells
2022,In Ovo Gain- and Loss-of-Function Approaches to Study Gut Morphogenesis.,"Sanketi Bhargav D, Kurpios Natasza A","Methods in molecular biology (Clifton, N.J.)",human,,Experimental variability / robustness,,"The polarity of cellular components is essential for cellular shape changes, oriented cell migration, and modulating intra- and intercellular mechanical forces. However, many aspects of polarized cell behavior-especially dynamic cell shape changes during the process of morphogenesis-are almost impossible to study in cells cultured in plastic dishes. Avian embryos have always been a treasured model system to study vertebrate morphogenesis for developmental biologists. Avian embryos recapitulate human biology particularly well in the early stages due to their flat disc gastruloids. Since avian embryos can be manipulated in ovo they present paramount opportunities for highly localized targeting of genetic mechanisms during cellular and developmental processes. Here, we review the application of these methods for both gain of function and loss of function of a gene of interest at a specific developmental stage during left-right (LR) asymmetric gut morphogenesis. These tools present a powerful premise to investigate various polarized cellular activities and molecular processes in vivo in a reproducible manner.",10.1007/978-1-0716-2035-9_11,35147942,Animals; Cell Movement; Cell Polarity; Cell Shape; Humans; Morphogenesis; Vertebrates
2022,In vitro models of human development and their potential application in developmental toxicity testing.,"Niethammer Mirjam, Burgdorf Tanja, Wistorf Elisa, Schönfelder Gilbert, Kleinsorge Mandy","Development (Cambridge, England)",human,,Experimental variability / robustness,,"Recent publications describe the development of in vitro models of human development, for which applications in developmental toxicity testing can be envisaged. To date, these regulatory assessments have exclusively been performed in animal studies, the relevance of which to adverse reactions in humans may be questioned. Recently developed cell culture-based models of embryo-fetal development, however, do not yet exhibit sufficient levels of standardisation and reproducibility. Here, the advantages and shortcomings of both in vivo and in vitro developmental toxicity testing are addressed, as well as the possibility of integrated testing strategies as a viable option in the near future.",10.1242/dev.200933,36134893,Animals; Cell Culture Techniques; Humans; Reproducibility of Results; Toxicity Tests
2022,Differentiation of EpiLCs on Micropatterned Substrates Generated by Micro-Contact Printing.,"Simon Gaël, Plouhinec Jean-Louis, Sorre Benoit","Methods in molecular biology (Clifton, N.J.)",both,,Primitive streak / mesoderm induction; Self-organization,,"During the last decades, signaling pathways responsible for the initiation of gastrulation in mammalian embryos have been identified. However, the physical rules governing the tissue spatial patterning and the extensive morphogenetic movements occurring during that process are still elusive. Progress on these issues is slowed by the difficulty to record or perturb the patterning events in real time, especially in mammalian embryos that develop in utero. Because they permit easy observation and manipulation, in vitro model systems offer an exciting opportunity to dissect the rules governing the organization of the mammalian gastrula. For instance, it is sufficient to cultivate human embryonic stem cells on micropatterned substrates to reveal their self-organization potential. We present here a method to obtain micropatterned mouse Epiblast Like Cells colonies, providing a convenient way to compare spatial organization of mouse and human pluripotent stem cells and to complement the characterization of mutant embryos in a controlled environment.",10.1007/978-1-0716-2281-0_18,35486251,"Animals; Cell Differentiation; Embryo, Mammalian; Gastrula; Human Embryonic Stem Cells; Humans; Mammals; Pluripotent Stem Cells"
2022,Stem cell-based models of early mammalian development.,"Terhune Aidan H, Bok Jeyoon, Sun Shiyu, Fu Jianping","Development (Cambridge, England)",both,,,,"The complex process by which a single-celled zygote develops into a viable embryo is nothing short of a miraculous wonder of the natural world. Elucidating how this process is orchestrated in humans has long eluded the grasp of scientists due to ethical and practical limitations. Thankfully, pluripotent stem cells that resemble early developmental cell types possess the ability to mimic specific embryonic events. As such, murine and human stem cells have been leveraged by scientists to create in vitro models that aim to recapitulate different stages of early mammalian development. Here, we examine the wide variety of stem cell-based embryo models that have been developed to recapitulate and study embryonic events, from pre-implantation development through to early organogenesis. We discuss the applications of these models, key considerations regarding their importance within the field, and how such models are expected to grow and evolve to achieve exciting new milestones in the future.",10.1242/dev.201015,36255368,"Humans; Mice; Animals; Embryo, Mammalian; Embryonic Development; Pluripotent Stem Cells; Organogenesis; Zygote; Mammals"
2021,Taking Heart Development to the Next Level.,"Jahnel Stefan M, Mendjan Sasha",Cell stem cell,unspecified,,,,"Current in vitro systems are powerful tools for studying early heart specification but lack the ability to model morphological events. Reporting in this issue of Cell Stem Cell, Rossi et al. (2021) present a patterned embryonic organoid model (gastruloid) that mimics aspects of early cardiogenesis.",10.1016/j.stem.2021.01.014,33545075,Heart; Organogenesis; Organoids
2021,Biomedical and societal impacts of in vitro embryo models of mammalian development.,"Moris Naomi, Alev Cantas, Pera Martin, Martinez Arias Alfonso",Stem cell reports,human,,,,"In recent years, a diverse array of in vitro cell-derived models of mammalian development have been described that hold immense potential for exploring fundamental questions in developmental biology, particularly in the case of the human embryo where ethical and technical limitations restrict research. These models open up new avenues toward biomedical advances in in vitro fertilization, clinical research, and drug screening with potential to impact wider society across many diverse fields. These technologies raise challenging questions with profound ethical, regulatory, and social implications that deserve due consideration. Here, we discuss the potential impacts of embryo-like models, and their biomedical potential and current limitations.",10.1016/j.stemcr.2021.03.023,33979591,"Animals; Biomedical Research; Drug Discovery; Embryo, Mammalian; Humans; Mammals; Models, Biological; Societies"
2021,Editorial: 3D Modelling of Mammalian Embryos and Organs.,"Garagna Silvia, Cebral Elisa, Aréchaga Juan, Zuccotti Maurizio",Frontiers in cell and developmental biology,mammalian,,,,,10.3389/fcell.2021.763008,34631724,
2021,Sculpting with stem cells: how models of embryo development take shape.,"Veenvliet Jesse V, Lenne Pierre-François, Turner David A, Nachman Iftach, Trivedi Vikas","Development (Cambridge, England)",mammalian,,Experimental variability / robustness,,"During embryogenesis, organisms acquire their shape given boundary conditions that impose geometrical, mechanical and biochemical constraints. A detailed integrative understanding how these morphogenetic information modules pattern and shape the mammalian embryo is still lacking, mostly owing to the inaccessibility of the embryo in vivo for direct observation and manipulation. These impediments are circumvented by the developmental engineering of embryo-like structures (stembryos) from pluripotent stem cells that are easy to access, track, manipulate and scale. Here, we explain how unlocking distinct levels of embryo-like architecture through controlled modulations of the cellular environment enables the identification of minimal sets of mechanical and biochemical inputs necessary to pattern and shape the mammalian embryo. We detail how this can be complemented with precise measurements and manipulations of tissue biochemistry, mechanics and geometry across spatial and temporal scales to provide insights into the mechanochemical feedback loops governing embryo morphogenesis. Finally, we discuss how, even in the absence of active manipulations, stembryos display intrinsic phenotypic variability that can be leveraged to define the constraints that ensure reproducible morphogenesis in vivo.",10.1242/dev.192914,34908102,"Animals; Embryo, Mammalian; Embryonic Development; Models, Biological; Morphogenesis; Pluripotent Stem Cells; Stem Cells"
2021,Heart organoids and tissue models for modeling development and disease.,"Miyamoto Matthew, Nam Lucy, Kannan Suraj, Kwon Chulan",Seminars in cell & developmental biology,unspecified,,Self-organization,,"Organoids, or miniaturized organs formed in vitro, hold potential to revolutionize how researchers approach and answer fundamental biological and pathological questions. In the context of cardiac biology, development of a bona fide cardiac organoid enables study of heart development, function, and pathogenesis in a dish, providing insight into the nature of congenital heart disease and offering the opportunity for high-throughput probing of adult heart disease and drug discovery. Recently, multiple groups have reported novel methods for generating in vitro models of the heart; however, there are substantial conceptual and methodological differences. In this review we will evaluate recent cardiac organoid studies through the lens of the core principles of organoid technology: patterned self-organization of multiple cell types resembling the in vivo organ. Based on this, we will classify systems into the following related types of tissues: developmental cardiac organoids, chamber cardiac organoids, microtissues, and engineered heart tissues. Furthermore, we highlight the interventions which allow for organoid formation, such as modulation of highly conserved cardiogenic signaling pathways mediated by developmental morphogens. We expect that consolidation and categorization of existing organoid models will help eliminate confusion in the field and facilitate progress towards creation of an ideal cardiac organoid.",10.1016/j.semcdb.2021.03.011,33775518,Heart; Humans; Organogenesis; Organoids
2021,Inducible Stem-Cell-Derived Embryos Capture Mouse Morphogenetic Events In Vitro.,"Amadei Gianluca, Lau Kasey Y C, De Jonghe Joachim, Gantner Carlos W, Sozen Berna, Chan Christopher, Zhu Meng, Kyprianou Christos, Hollfelder Florian, Zernicka-Goetz Magdalena",Developmental cell,mouse,,AP axis / symmetry breaking; Primitive streak / mesoderm induction; Germ layer specification,,"The development of mouse embryos can be partially recapitulated by combining embryonic stem cells (ESCs), trophoblast stem cells (TS), and extra-embryonic endoderm (XEN) stem cells to generate embryo-like structures called ETX embryos. Although ETX embryos transcriptionally capture the mouse gastrula, their ability to recapitulate complex morphogenic events such as gastrulation is limited, possibly due to the limited potential of XEN cells. To address this, we generated ESCs transiently expressing transcription factor Gata4, which drives the extra-embryonic endoderm fate, and combined them with ESCs and TS cells to generate induced ETX embryos (iETX embryos). We show that iETX embryos establish a robust anterior signaling center that migrates unilaterally to break embryo symmetry. Furthermore, iETX embryos gastrulate generating embryonic and extra-embryonic mesoderm and definitive endoderm. Our findings reveal that replacement of XEN cells with ESCs transiently expressing Gata4 endows iETX embryos with greater developmental potential, thus enabling the study of the establishment of anterior-posterior patterning and gastrulation in an in vitro system.",10.1016/j.devcel.2020.12.004,33378662,"Animals; Biomarkers; Cell Line; Cell Lineage; Embryo, Mammalian; Embryonic Stem Cells; Endoderm; Epithelial-Mesenchymal Transition; GATA4 Transcription Factor; Gastrulation; Induced Pluripotent Stem Cells; Mice; Morphogenesis; Primitive Streak; Signal Transduction"
2021,Development in a Dish-<i>In Vitro</i> Models of Mammalian Embryonic Development.,"El Azhar Yasmine, Sonnen Katharina F",Frontiers in cell and developmental biology,human,,,,"Despite decades of research, the complex processes of embryonic development are not fully understood. The study of mammalian development poses particular challenges such as low numbers of embryos, difficulties in culturing embryos <i>in vitro</i>, and the time to generate mutant lines. With new approaches we can now address questions that had to remain unanswered in the past. One big contribution to studying the molecular mechanisms of development are two- and three-dimensional <i>in vitro</i> model systems derived from pluripotent stem cells. These models, such as blastoids, gastruloids, and organoids, enable high-throughput screens and straightforward gene editing for functional testing without the need to generate mutant model organisms. Furthermore, their use reduces the number of animals needed for research and allows the study of human development. Here, we outline and discuss recent advances in such <i>in vitro</i> model systems to investigate pre-implantation and post-implantation development.",10.3389/fcell.2021.655993,34113614,
2021,From embryos to embryoids: How external signals and self-organization drive embryonic development.,"Morales J Serrano, Raspopovic Jelena, Marcon Luciano",Stem cell reports,unspecified,,Self-organization,,"Embryonic development has been traditionally seen as an inductive process directed by exogenous maternal inputs and extra-embryonic signals. Increasing evidence, however, is showing that, in addition to exogenous signals, the development of the embryo involves endogenous self-organization. Recently, this self-organizing potential has been highlighted by a number of stem cell models known as embryoids that can recapitulate different aspects of embryogenesis in vitro. Here, we review the self-organizing behaviors observed in different embryoid models and seek to reconcile this new evidence with classical knowledge of developmental biology. This analysis leads to reexamine embryonic development as a guided self-organizing process, where patterning and morphogenesis are controlled by a combination of exogenous signals and endogenous self-organization. Finally, we discuss the multidisciplinary approach required to investigate the genetic and cellular basis of self-organization.",10.1016/j.stemcr.2021.03.026,33979592,"Animals; Bioengineering; Embryo, Mammalian; Embryoid Bodies; Embryonic Development; Embryonic Stem Cells; Germ Layers; Humans"
2021,Bioengineering in vitro models of embryonic development.,"Gupta Ananya, Lutolf Matthias P, Hughes Alex J, Sonnen Katharina F",Stem cell reports,unspecified,,Germ layer specification,,"Stem cell-based in vitro models of embryonic development have been established over the last decade. Such model systems recapitulate aspects of gametogenesis, early embryonic development, or organogenesis. They enable experimental approaches that have not been possible previously and have the potential to greatly reduce the number of animals required for research. However, each model system has its own limitations, with certain aspects, such as morphogenesis and spatiotemporal control of cell fate decisions, diverging from the in vivo counterpart. Targeted bioengineering approaches to provide defined instructive external signals or to modulate internal cellular signals could overcome some of these limitations. Here, we present the latest technical developments and discuss how bioengineering can further advance the optimization and external control of stem cell-based embryo-like structures (ELSs). In vitro models combined with sophisticated bioengineering tools will enable an even more in-depth analysis of embryonic development in the future.",10.1016/j.stemcr.2021.04.005,33979597,"Animals; Bioengineering; Cell Engineering; Embryonic Development; Humans; Models, Biological; Organogenesis"
2021,Opportunities and challenges with stem cell-based embryo models.,"Rossant Janet, Tam Patrick P L",Stem cell reports,unspecified,,,,"Stem cell-based embryo models open an unprecedented avenue for modeling embryogenesis, cell lineage differentiation, tissue morphogenesis, and organogenesis in mammalian development. Experimentation on these embryo models can lead to a better understanding of the mechanisms of development and offers opportunities for functional genomic studies of disease-causing mechanisms, identification of therapeutic targets, and preclinical modeling of advanced therapeutics for precision medicine. An immediate challenge is to create embryo models of high fidelity to embryogenesis and organogenesis in vivo, to ensure that the knowledge gleaned is biologically meaningful and clinically relevant.",10.1016/j.stemcr.2021.02.002,33667412,"Animals; Body Patterning; Embryo, Mammalian; Embryonic Development; Embryonic Stem Cells; Humans; Models, Biological; Terminology as Topic"
2021,Pescoids and Chimeras to Probe Early Evo-Devo in the Fish <i>Astyanax mexicanus</i>.,"Torres-Paz Jorge, Rétaux Sylvie",Frontiers in cell and developmental biology,unspecified,,Germ layer specification; Self-organization,,"The fish species <i>Astyanax mexicanus</i> with its sighted and blind eco-morphotypes has become an original model to challenge vertebrate developmental evolution. Recently, we demonstrated that phenotypic evolution can be impacted by early developmental events starting from the production of oocytes in the fish ovaries. <i>A. mexicanus</i> offers an amenable model to test the influence of maternal determinants on cell fate decisions during early development, yet the mechanisms by which the information contained in the eggs is translated into specific developmental programs remain obscure due to the lack of specific tools in this emergent model. Here we describe methods for the generation of pescoids from yolkless-blastoderm explants to test the influence of embryonic and extraembryonic tissues on cell fate decisions, as well as the production of chimeric embryos obtained by intermorph cell transplantations to probe cell autonomous or non-autonomous processes. We show that <i>Astyanax</i> pescoids have the potential to recapitulate the main ontogenetic events observed in intact embryos, including the internalization of mesodermal progenitors and eye development, as followed with <i>zic:GFP</i> reporter lines. In addition, intermorph cell grafts resulted in proper integration of exogenous cells into the embryonic tissues, with lineages becoming more restricted from mid-blastula to gastrula. The implementation of these approaches in <i>A. mexicanus</i> will bring new light on the cascades of events, from the maternal pre-patterning of the early embryo to the evolution of brain regionalization.",10.3389/fcell.2021.667296,33928092,
2021,Establishment of the vertebrate body plan: Rethinking gastrulation through stem cell models of early embryogenesis.,"Steventon Benjamin, Busby Lara, Arias Alfonso Martinez",Developmental cell,unspecified,,Primitive streak / mesoderm induction,,"A striking property of vertebrate embryos is the emergence of a conserved body plan across a wide range of organisms through the process of gastrulation. As the body plan unfolds, gene regulatory networks (GRNs) and multicellular interactions (cell regulatory networks, CRNs) combine to generate a conserved set of morphogenetic events that lead to the phylotypic stage. Interrogation of these multilevel interactions requires manipulation of the mechanical environment, which is difficult in vivo. We review recent studies of stem cell models of early embryogenesis from different species showing that, independent of species origin, cells in culture form similar structures. The main difference between embryos and in vitro models is the boundary conditions of the multicellular ensembles. We discuss these observations and suggest that the mechanical and geometric boundary conditions of different embryos before gastrulation hide a morphogenetic ground state that is revealed in the stem-cell-based models of embryo development.",10.1016/j.devcel.2021.08.012,34520764,"Animals; Embryonic Development; Gastrulation; Gene Expression Regulation, Developmental; Humans; Morphogenesis; Stem Cells; Vertebrates"
2021,"A temporally resolved transcriptome for developing ""Keller"" explants of the Xenopus laevis dorsal marginal zone.","Kakebeen Anneke D, Huebner Robert J, Shindo Asako, Kwon Kujin, Kwon Taejoon, Wills Andrea E, Wallingford John B",Developmental dynamics : an official publication of the American Association of Anatomists,mammalian,Nodal,,cripto,"Explanted tissues from vertebrate embryos reliably develop in culture and have provided essential paradigms for understanding embryogenesis, from early embryological investigations of induction, to the extensive study of Xenopus animal caps, to the current studies of mammalian gastruloids. Cultured explants of the Xenopus dorsal marginal zone (""Keller"" explants) serve as a central paradigm for studies of convergent extension cell movements, yet we know little about the global patterns of gene expression in these explants. In an effort to more thoroughly develop this important model system, we provide here a time-resolved bulk transcriptome for developing Keller explants. The dataset reported here provides a useful resource for those using Keller explants for studies of morphogenesis and provide genome-scale insights into the temporal patterns of gene expression in an important tissue when explanted and grown in culture.",10.1002/dvdy.289,33368695,Animals; Embryo Culture Techniques; Gastrula; Transcriptome; Xenopus laevis
2020,A New Microengineered Platform for 4D Tracking of Single Cells in a Stem-Cell-Based In Vitro Morphogenesis Model.,"Samal Pinak, Maurer Philipp, van Blitterswijk Clemens, Truckenmüller Roman, Giselbrecht Stefan","Advanced materials (Deerfield Beach, Fla.)",mouse,,AP axis / symmetry breaking; Elongation,,"Recently developed stem-cell-based in vitro models of morphogenesis can help shed light on the mechanisms involved in embryonic patterning. These models are showcased using traditional cell culture platforms and materials, which allow limited control over the biological system and usually do not support high-content imaging. In contrast, using advanced microengineered tools can help in microscale control, long-term culture, and real-time data acquisition from such biological models and aid in elucidating the underlying mechanisms. Here, a new culturing, manipulation and analysis platform is described to study in vitro morphogenesis using thin polycarbonate film-based microdevices. A pipeline consisting of open-source software to quantify 3D cell movement using 4D image acquisition is developed to analyze cell migration within the multicellular clusters. It is shown that the platform can be used to control and study morphogenesis in non-adherent cultures of the P19C5 mouse stem cell line and mouse embryonic stem cells (mESCs) that show symmetry breaking and axial elongation events similar to early embryonic development. Using the new platform, it is found that localized cell proliferation and coordinated cell migration result in elongation morphogenesis of the P19C5 aggregates. Further, it is found that polarization and elongation of mESC aggregates are dependent on directed cell migration.",10.1002/adma.201907966,32346909,"Animals; Cell Engineering; Cell Line; Cell Movement; Cell Tracking; Embryonic Stem Cells; Imaging, Three-Dimensional; Mice; Single-Cell Analysis"
2020,Modelling human embryogenesis: embryo-like structures spark ethical and policy debate.,"Pereira Daoud Ana M, Popovic Mina, Dondorp Wybo J, Trani Bustos Marc, Bredenoord Annelien L, Chuva de Sousa Lopes Susana M, van den Brink Susanne C, Roelen Bernard A J, de Wert Guido M W R, Heindryckx Björn",Human reproduction update,both,,Primitive streak / mesoderm induction,,"Studying the human peri-implantation period remains hindered by the limited accessibility of the in vivo environment and scarcity of research material. As such, continuing efforts have been directed towards developing embryo-like structures (ELS) from pluripotent stem cells (PSCs) that recapitulate aspects of embryogenesis in vitro. While the creation of such models offers immense potential for studying fundamental processes in both pre- and early post-implantation development, it also proves ethically contentious due to wide-ranging views on the moral and legal reverence due to human embryos. Lack of clarity on how to qualify and regulate research with ELS thus presents a challenge in that it may either limit this new field of research without valid grounds or allow it to develop without policies that reflect justified ethical concerns. The aim of this article is to provide a comprehensive overview of the existing scientific approaches to generate ELS from mouse and human PSCs, as well as discuss future strategies towards innovation in the context of human development. Concurrently, we aim to set the agenda for the ethical and policy issues surrounding research on human ELS. The PubMed database was used to search peer-reviewed articles and reviews using the following terms: 'stem cells', 'pluripotency', 'implantation', 'preimplantation', 'post-implantation', 'blastocyst', 'embryoid bodies', 'synthetic embryos', 'embryo models', 'self-assembly', 'human embryo-like structures', 'artificial embryos' in combination with other keywords related to the subject area. The PubMed and Web of Science databases were also used to systematically search publications on the ethics of ELS and human embryo research by using the aforementioned keywords in combination with 'ethics', 'law', 'regulation' and equivalent terms. All relevant publications until December 2019 were critically evaluated and discussed. In vitro systems provide a promising way forward for uncovering early human development. Current platforms utilize PSCs in both two- and three-dimensional settings to mimic various early developmental stages, including epiblast, trophoblast and amniotic cavity formation, in addition to axis development and gastrulation. Nevertheless, much hinges on the term 'embryo-like'. Extension of traditional embryo frameworks to research with ELS reveals that (i) current embryo definitions require reconsideration, (ii) cellular convertibility challenges the attribution of moral standing on the basis of 'active potentiality' and (iii) meaningful application of embryo protective directives will require rethinking of the 14-day culture limit and moral weight attributed to (non-)viability. Many conceptual and normative (dis)similarities between ELS and embryos thus remain to be thoroughly elucidated. Modelling embryogenesis holds vast potential for both human developmental biology and understanding various etiologies associated with infertility. To date, ELS have been shown to recapitulate several aspects of peri-implantation development, but critically, cannot develop into a fetus. Yet, concurrent to scientific innovation, considering the extent to which the use of ELS may raise moral concerns typical of human embryo research remains paramount. This will be crucial for harnessing the potential of ELS as a valuable research tool, whilst remaining within a robust moral and legal framework of professionally acceptable practices.",10.1093/humupd/dmaa027,32712668,"Animals; Embryo Implantation; Embryo Research; Embryo, Mammalian; Embryonic Development; Humans; Mice; Models, Biological; Morals; Public Policy"
2020,Pluripotent stem cell models of early mammalian development.,"Baillie-Benson Peter, Moris Naomi, Martinez Arias Alfonso",Current opinion in cell biology,mammalian,,Primitive streak / mesoderm induction; Germ layer specification,,"Pluripotent stem cells derived from the early mammalian embryo offer a convenient model system for studying cell fate decisions in embryogenesis. The last 10 years have seen a boom in the popularity of two-dimensional micropatterns and three-dimensional stem cell culture systems as a way to recreate the architecture and interactions of particular cell populations during development. These methods enable the controlled exploration of cellular organization and patterning during development, using cell lines instead of embryos. They have established a new class of in vitro model system for pre-implantation and peri-implantation embryogenesis, ranging from models of the blastocyst stage, through gastrulation and toward early organogenesis. This review aims to set these systems in context and to highlight the strengths and suitability of each approach in modelling early mammalian development.",10.1016/j.ceb.2020.05.010,32645551,"Animals; Embryo, Mammalian; Embryonic Development; Humans; Mammals; Models, Biological; Organoids; Pluripotent Stem Cells"
2020,Signaling regulation during gastrulation: Insights from mouse embryos and in vitro systems.,"Morgani Sophie M, Hadjantonakis Anna-Katerina",Current topics in developmental biology,mouse,Wnt; Nodal,Primitive streak / mesoderm induction; Germ layer specification,nodal; wnt,"Gastrulation is the process whereby cells exit pluripotency and concomitantly acquire and pattern distinct cell fates. This is driven by the convergence of WNT, BMP, Nodal and FGF signals, which are tightly spatially and temporally controlled, resulting in regional and stage-specific signaling environments. The combination, level and duration of signals that a cell is exposed to, according its position within the embryo and the developmental time window, dictates the fate it will adopt. The key pathways driving gastrulation exhibit complex interactions, which are difficult to disentangle in vivo due to the complexity of manipulating multiple signals in parallel with high spatiotemporal resolution. Thus, our current understanding of the signaling dynamics regulating gastrulation is limited. In vitro stem cell models have been established, which undergo organized cellular differentiation and patterning. These provide amenable, simplified, deconstructed and scalable models of gastrulation. While the foundation of our understanding of gastrulation stems from experiments in embryos, in vitro systems are now beginning to reveal the intricate details of signaling regulation. Here we discuss the current state of knowledge of the role, regulation and dynamic interaction of signaling pathways that drive mouse gastrulation.",10.1016/bs.ctdb.2019.11.011,32143751,"Animals; Body Patterning; Cell Differentiation; Embryo, Mammalian; Gastrulation; Gene Expression Regulation, Developmental; In Vitro Techniques; Mesoderm; Mice; Signal Transduction"
2020,Avoiding the potentiality trap: thinking about the moral status of synthetic embryos.,Piotrowska Monika,Monash bioethics review,human,,,,"Research ethics committees must sometimes deliberate about objects that do not fit nicely into any existing category. This is currently the case with the ""gastruloid,"" which is a self-assembling blob of cells that resembles a human embryo. The resemblance makes it tempting to group it with other members of that kind, and thus to ask whether gastruloids really are embryos. But fitting an ambiguous object into an existing category with well-worn pathways in research ethics, like the embryo, is only a temporary fix. The bigger problem is that we no longer know what an embryo is. We haven't had a non-absurd definition of 'embryo' for several decades and without a well-defined comparison class, asking whether gastruloids belong to the morally relevant class of things we call embryos is to ask a question without an answer. What's the alternative? A better approach needs to avoid what I'll refer to as ""the potentiality trap"" and, instead, rely on the emergence of morally salient facts about gastruloids and other synthetic embryos.",10.1007/s40592-019-00099-5,31741321,"Bioethical Issues; Biotechnology; Embryo Research; Embryo, Mammalian; Ethical Analysis; Gastrula; Humans; Life; Moral Status; Organoids"
2019,Understanding the Mechanobiology of Early Mammalian Development through Bioengineered Models.,"Vianello Stefano, Lutolf Matthias P",Developmental cell,mammalian,,,,"Research in developmental biology has been recently enriched by a multitude of in vitro models recapitulating key milestones of mammalian embryogenesis. These models obviate the challenge posed by the inaccessibility of implanted embryos, multiply experimental opportunities, and favor approaches traditionally associated with organoids and tissue engineering. Here, we provide a perspective on how these models can be applied to study the mechano-geometrical contributions to early mammalian development, which still escape direct verification in species that develop in utero. We thus outline new avenues for robust and scalable perturbation of geometry and mechanics in ways traditionally limited to non-implanting developmental models.",10.1016/j.devcel.2019.02.024,30913407,"Animals; Bioengineering; Biophysics; Embryo, Mammalian; Embryonic Development; Humans; Mammals; Models, Biological"
2019,Prediction and control of symmetry breaking in embryoid bodies by environment and signal integration.,"Sagy Naor, Slovin Shaked, Allalouf Maya, Pour Maayan, Savyon Gaya, Boxman Jonathan, Nachman Iftach","Development (Cambridge, England)",mouse,Wnt,AP axis / symmetry breaking; Primitive streak / mesoderm induction; Germ layer specification,wnt,"During early embryogenesis, mechanical constraints and localized biochemical signals co-occur around anteroposterior axis determination and symmetry breaking. Their relative roles, however, are hard to tease apart <i>in vivo</i> Using brachyury (Bra), a primitive streak and mesendoderm marker in mouse embryoid bodies (EBs), we studied how contact, biochemical cues and neighboring cell cues affect the positioning of a primitive streak-like locus and thus determine the anteroposterior axis. We show that a Bra-competent layer must be formed in the EB before Bra expression initiates, and that Bra onset locus position is biased by contact points of the EB with its surrounding, probably through modulation of chemical cues rather than by mechanical signaling. We can push or pull Bra onset away from contact points by introducing a separate localized Wnt signal source, or maneuver Bra onset to a few loci or to an isotropic peripheral pattern. Furthermore, we show that Foxa2-positive cells are predictive of the future location of Bra onset, demonstrating an earlier symmetry-breaking event. Our analysis of factors affecting symmetry breaking and spatial fate choice during this developmental process could prove valuable for <i>in vitro</i> differentiation and organoid formation.",10.1242/dev.181917,31575644,"Animals; Cell Differentiation; Cells, Cultured; Embryoid Bodies; Embryonic Stem Cells; Fetal Proteins; Gene Expression Regulation, Developmental; Hepatocyte Nuclear Factor 3-beta; Mice; Primitive Streak; T-Box Domain Proteins; Brachyury Protein"
2018,Modeling Mammalian Gastrulation With Embryonic Stem Cells.,"Siggia Eric D, Warmflash Aryeh",Current topics in developmental biology,mammalian,,Primitive streak / mesoderm induction; Germ layer specification,,"Understanding cell fate patterning and morphogenesis in the mammalian embryo remains a formidable challenge. Recently, in vivo models based on embryonic stem cells (ESCs) have emerged as complementary methods to quantitatively dissect the physical and molecular processes that shape the embryo. Here we review recent developments in using ESCs to create both two- and three-dimensional culture models that shed light on mammalian gastrulation.",10.1016/bs.ctdb.2018.03.001,29801527,"Animals; Body Patterning; Cell Lineage; Embryonic Stem Cells; Gastrulation; Mammals; Models, Biological"
